<?xml version="1.0" encoding="UTF-8"?>
<beans xmlns="http://www.springframework.org/schema/beans"
xmlns:xsi="http://www.w3.org/2001/XMLSchema-instance" 
xmlns:aop="http://www.springframework.org/schema/aop"
xmlns:context="http://www.springframework.org/schema/context"
xsi:schemaLocation="http://www.springframework.org/schema/beans 
http://www.springframework.org/schema/beans/spring-beans.xsd 
http://www.springframework.org/schema/context 
http://www.springframework.org/schema/context/spring-context.xsd">

<bean id="sbu" class="com.cg.SBU">
<property name="subCode" value="PES-BU"></property> 
<property name="sbuName" value="Software developer"></property>
<property name="sbuHead" value="kanna"></property>
<property name="empList">
<list>
<ref bean="employee1"/>
</list>
</property>
</bean>

<bean id="employee1" class="com.cg.Employee">
<property name="employeeId" value="666"></property>
<property name="employeeName" value="Jaswanth"></property>
<property name="salary" value="8666666"></property>

</bean>


</beans>