{
  "practice": [
    {
      "id": 1,
      "name": "siva",
      "price": 98989,
      "brand": "apple",
      "Brand": "apple"
    },
    {
      "id": 2,
      "name": "kanna",
      "price": 89899,
      "brand": "apple",
      "Brand": "apple"
    },
    {
      "id": 3,
      "name": "jaswanth",
      "price": 89898,
      "brand": "samsung",
      "Brand": "samsung"
    },
    {
      "id": 4,
      "name": "GJ",
      "price": 88989,
      "brand": "samsung",
      "Brand": "samsung"
    },
    {
      "id": 5,
      "name": "jash",
      "price": 99988,
      "brand": "apple",
      "Brand": "apple"
    },
    {
      "id": 12,
      "name": "manikanta",
      "price": 456,
      "brand": "audi0000"
    }
  ]
}