{
  "customers": [
    {
      "id": 1,
      "name": "siva",
      "email": "sivasiva@gmail.com",
      "phone": 9898989898
    },
    {
      "id": 2,
      "name": "kanna",
      "email": "kanna@gmail.com",
      "phone": 9989888989
    },
    {
      "id": 3,
      "name": "jaswanth",
      "email": "jaswanth@gmail.com",
      "phone": 9998898889
    },
    {
      "id": 4,
      "name": "aishwarya",
      "email": "aishu@gmail.com",
      "phone": 9898888899
    },
    {
      "id": 5,
      "name": "mounica",
      "email": "mouni@gmail.com",
      "phone": 9898889988
    }
  ]
}