<?xml version="1.0" encoding="UTF-8"?>
<beans xmlns="http://www.springframework.org/schema/beans"
xmlns:xsi="http://www.w3.org/2001/XMLSchema-instance" 
xmlns:aop="http://www.springframework.org/schema/aop"
xmlns:context="http://www.springframework.org/schema/context"
xsi:schemaLocation="http://www.springframework.org/schema/beans 
http://www.springframework.org/schema/beans/spring-beans.xsd 
http://www.springframework.org/schema/context 
http://www.springframework.org/schema/context/spring-context.xsd">
<!-- <context:annotation-config/> -->
<!-- <context:component-scan base-package="com.*"/> -->
<bean id="address" class="com.cg.Address" >
<property name="street" value="#25 SRNagar"></property>
<property name="city" value="hyderabad"></property>
<property name="pincode" value="520009"></property>
</bean>
<bean id="customer" class="com.cg.Customer">
<property name="custId" value="12345"></property>
<property name="name" value="Lavakusha"></property>
<property name="phone" value="6300806316"></property>
<!-- <property name="address" ref="address"></property> -->
<constructor-arg name="address" ref="address"></constructor-arg>
</bean>
<!-- <bean class="com.cg.LifeCycle"></bean> -->
</beans>